63,81 ;17,31 ;47,18 ;53,37 ;57,31 ;
63,81 ;17,31 ;47,18 ;53,37 ;57,25 ;
63,81 ;17,31 ;47,18 ;53,37 ;57,25 ;
63,81 ;17,31 ;47,18 ;53,43 ;57,25 ;
63,87 ;17,31 ;47,25 ;53,43 ;57,18 ;
63,87 ;17,31 ;47,25 ;53,43 ;57,18 ;
63,87 ;17,31 ;47,25 ;53,43 ;57,18 ;
63,87 ;17,37 ;47,25 ;53,43 ;57,18 ;
63,87 ;17,37 ;47,25 ;53,43 ;57,18 ;
63,87 ;17,37 ;47,25 ;53,43 ;57,18 ;
63,87 ;17,37 ;47,25 ;53,43 ;57,18 ;
63,87 ;17,37 ;47,31 ;53,43 ;57,18 ;
63,87 ;17,37 ;47,31 ;53,5 ;57,18 ;
63,87 ;17,37 ;47,31 ;53,43 ;57,25 ;
63,87 ;17,37 ;47,31 ;53,43 ;57,25 ;
63,87 ;17,37 ;47,31 ;53,5 ;57,25 ;
63,87 ;17,37 ;47,25 ;53,43 ;57,25 ;
63,87 ;17,37 ;47,31 ;53,5 ;57,25 ;
63,87 ;17,37 ;47,25 ;53,5 ;57,25 ;
63,87 ;17,37 ;47,31 ;53,5 ;57,25 ;
63,87 ;17,37 ;47,31 ;53,5 ;57,31 ;
